gender,age,hypertension,heart_disease,smoking_history,bmi,HbA1c_level,blood_glucose_level,diabetes
30,0,0,14.532871972318341,5.5,120,0,0,0,0,0,1,0,0,0.0
30,0,0,24.221453287197235,5.5,120,1,0,0,0,0,1,0,0,0.005
30,0,0,24.221453287197235,5.5,120,1,0,0,0,0,1,0,0,0.005
25,0,0,14.532871972318341,5.5,120,0,0,0,0,0,1,0,0,0.0
